0xd5a00d78,0xd5a00d78->TRUE
0x0c371919,0x0c371919->TRUE
0xcf6ac659,0xcf6ac659->TRUE
0xefffffff,0xefffffff->TRUE
0xf0cc83ca,0xf0cc83cb->TRUE
0xbdbc0e58,0xbdbc0e59->TRUE
0x8c39f2d1,0x8c39f2d2->TRUE
0x9eeed890,0x9eeed891->TRUE
0xefffffff,0xefffffff->TRUE
0x00000000,0x00000000->TRUE
0x0c2e88f8,0x0c2e88f7->TRUE
0x34ba557e,0x34ba557f->TRUE
0xcd22debe,0xcd22debf->TRUE
0xb4820000,0xb4820000->TRUE
0xefffffff,0xefffffff->TRUE
0x66fa5658,0x66fa565a->TRUE
0x00000000,0x00000000->TRUE
0xb7d8dca9,0xb7d8dca9->TRUE
0x918414d7,0x918414d7->TRUE
0xed82fb65,0xed82fb66->TRUE
0x479e25a4,0x479e25a6->TRUE
0x2ecb1a2b,0x2ecb1a2b->TRUE
0x00000000,0x00000000->TRUE
0x3788d8b9,0x3788d8b9->TRUE
0xefffffff,0xefffffff->TRUE
0x63fe67dd,0x63fe67de->TRUE
0x00000000,0x80000005->FALSE
0xdb0535ab,0xdb0535ab->TRUE
0x00000000,0x00000000->TRUE
0x313ce5db,0x313ce5db->TRUE
0x7ccd2434,0x7ccd2435->TRUE
0xd5b5e796,0xd5b5e796->TRUE
0x189c86c3,0x189c86c3->TRUE
0x18d91c3b,0x18d91c3b->TRUE
0xadb5e060,0xadb5e061->TRUE
0x00000000,0x80000000->FALSE
0xcc766e28,0xcc766e29->TRUE
0x00000000,0x80000043->FALSE
0x83806bf4,0x83806bf5->TRUE
0x47aa9004,0x47aa9004->TRUE
0x548a918b,0x548a918b->TRUE
0x76405ae8,0x76405ae9->TRUE
0x6b4210e2,0x6b4210e3->TRUE
0xb0a5b5a0,0xb0a5b5a1->TRUE
0xe64d2c88,0xe64d2c89->TRUE
0xbb225a22,0xbb225a23->TRUE
0x289afd45,0x289afd46->TRUE
0x0d992cec,0x0d992ced->TRUE
0x1220d7da,0x1220d7da->TRUE
0x00000000,0x00000000->TRUE
0xe4b5e293,0xe4b5e294->TRUE
0x3746a68c,0x3746a68c->TRUE
0x39ab8a18,0x39ab8a19->TRUE
0xd64e418c,0xd64e418d->TRUE
0xefffffff,0xefffffff->TRUE
0x2b831db8,0x2b831db9->TRUE
0xe6ec7a8a,0xe6ec7a8b->TRUE
0xc8c24d22,0xc8c24d22->TRUE
0xdb9d5b35,0xdb9d5b36->TRUE
0xefffffff,0xefffffff->TRUE
0xefffffff,0xefffffff->TRUE
0xe5c74968,0xe5c74968->TRUE
0x00000000,0x00006f64->FALSE
0x0ed83040,0x0ed83040->TRUE
0x386515ce,0x386515ce->TRUE
0xefffffff,0xefffffff->TRUE
0x3b676214,0x3b676214->TRUE
0x9a9b7316,0x9a9b7316->TRUE
0x67c81db7,0x67c81db8->TRUE
0x00000000,0x80000000->FALSE
0x21617526,0x21617526->TRUE
0xa17d54ea,0xa17d54eb->TRUE
0x3d025bb2,0x3d025bb2->TRUE
0xec424c0d,0xec424c0e->TRUE
0xe0479e6a,0xe0479e6a->TRUE
0x23a5103e,0x23a5103f->TRUE
0x3e55663e,0x3e55663e->TRUE
0xcbd71bab,0xcbd71bad->TRUE
0x1669c96e,0x1669c96f->TRUE
0x46360aa6,0x46360aa6->TRUE
0x11face27,0x11face28->TRUE
0xaf0f3e7a,0xaf0f3e7b->TRUE
0x1c7ed6a5,0x1c7ed6a6->TRUE
0x3f3de85f,0x3f3de85f->TRUE
0xec978dcb,0xec978dcb->TRUE
0x9767ef7c,0x9767ef7d->TRUE
0xd60efc1e,0xd60efc1f->TRUE
0x66dd6942,0x66dd6942->TRUE
0xb13b6dde,0xb13b6dde->TRUE
0x8cb4d78d,0x8cb4d78e->TRUE
0x343a97e4,0x343a97e4->TRUE
0xb0316c27,0xb0316c27->TRUE
0xbb743e04,0xbb743e04->TRUE
0xbc09af71,0xbc09af71->TRUE
0x9f95409a,0x9f95409a->TRUE
0xb6a7fd27,0xb6a7fd28->TRUE
0xa4a0e459,0xa4a0e45a->TRUE
0xc1e748bb,0xc1e748bc->TRUE
0x91a75e09,0x91a75e0a->TRUE
0x42fd67aa,0x42fd67aa->TRUE
0x52a6f806,0x52a6f806->TRUE
0xc5466dee,0xc5466def->TRUE
0xefffffff,0xefffffff->TRUE
0xc9b52f9b,0xc9b52f9c->TRUE
0x284dbc48,0x284dbc47->TRUE
0x0f019447,0x0f019447->TRUE
0x752dd454,0x752dd455->TRUE
0xe244469c,0xe244469c->TRUE
0xd30fa8e5,0xd30fa8e5->TRUE
0xdac47d30,0xdac47d30->TRUE
0x98eb7f92,0x98eb7f92->TRUE
0x00000000,0x80000000->FALSE
0x645152fe,0x645152fe->TRUE
0x2e88313e,0x2e88313f->TRUE
0xb266a5dc,0xb266a5dc->TRUE
0xb91225d3,0xb91225d4->TRUE
0xc1409a35,0xc1409a36->TRUE
0x0e7a95ce,0x0e7a95ce->TRUE
0xb2e9e0da,0xb2e9e0da->TRUE
0x5c927bc7,0x5c927bc7->TRUE
0xc213751d,0xc213751d->TRUE
0xc6a92810,0xc6a92811->TRUE
0x2905c414,0x2905c414->TRUE
0xefffffff,0xefffffff->TRUE
0xe0c8c122,0xe0c8c122->TRUE
0x3d970358,0x3d970358->TRUE
0x5d9f3323,0x5d9f3323->TRUE
0x00000000,0x00000000->TRUE
0x9d0b05d8,0x9d0b05d8->TRUE
0xfcc4fc59,0xfcc4fc59->TRUE
0xa3feca48,0xa3feca48->TRUE
0x1ec8ab93,0x1ec8ab94->TRUE
0x37c749db,0x37c749dc->TRUE
0x510b1166,0x510b1167->TRUE
0x5b74f1e1,0x5b74f1e1->TRUE
0x621c7058,0x621c7059->TRUE
0x0ec6bb7e,0x0ec6bb7f->TRUE
0xe38421f1,0xe38421f1->TRUE
0xefffffff,0xefffffff->TRUE
0x2ae09170,0x2ae09171->TRUE
0x068b380c,0x068b380d->TRUE
0x960c74c0,0x960c74c1->TRUE
0xbe3668d1,0xbe3668d1->TRUE
0xc330c1c4,0xc330c1c4->TRUE
0x259b6539,0x259b653a->TRUE
0xde625032,0xde625032->TRUE
0xc4b4ed54,0xc4b4ed54->TRUE
0x8a6d8e5e,0x8a6d8e5f->TRUE
0x2d683d79,0x2d683d7a->TRUE
0x3e81032e,0x3e81032e->TRUE
0x9ecc321c,0x9ecc321d->TRUE
0x2ee03d81,0x2ee03d81->TRUE
0x80ed0c4e,0x80ed0c4e->TRUE
0xf9bc7180,0xf9bc7180->TRUE
0x421ed1a3,0x421ed1a4->TRUE
0xbd82dca7,0xbd82dca7->TRUE
0x342fd0c1,0x342fd0c1->TRUE
0x4f8e609b,0x4f8e609c->TRUE
0x7298e19f,0x7298e1a0->FALSE
0xc164c3d8,0xc164c3d8->TRUE
0x00000000,0x00000000->TRUE
0xbb5ef3ad,0xbb5ef3ae->TRUE
0x00000000,0x0000708f->FALSE
0xf92e5893,0xf92e5893->TRUE
0xb6e21a29,0xb6e21a29->TRUE
0x64e6dafe,0x64e6daff->TRUE
0x3994d94a,0x3994d94b->TRUE
0x7915269c,0x7915269d->TRUE
0x6581451f,0x65814520->FALSE
0xefffffff,0xefffffff->TRUE
0x00000000,0x0002f696->FALSE
0x42797203,0x42797203->TRUE
0xb7668d76,0xb7668d77->TRUE
0xc012fa79,0xc012fa7a->TRUE
0x1244e1d1,0x1244e1d2->TRUE
0x7186d96f,0x7186d96f->TRUE
0x00000000,0x00000000->TRUE
0x2f558797,0x2f558797->TRUE
0x54f8597b,0x54f8597b->TRUE
0x48811f2c,0x48811f2d->TRUE
0xfdf8362f,0xfdf83630->FALSE
0xe3103ad0,0xe3103ad0->TRUE
0x00000000,0x800000b0->FALSE
0x9db29a5d,0x9db29a5e->TRUE
0x9c45e5b5,0x9c45e5b6->TRUE
0xaf3e7c47,0xaf3e7c47->TRUE
0x128e6ac1,0x128e6ac2->TRUE
0x51bff802,0x51bff802->TRUE
0xd891f12f,0xd891f12f->TRUE
0x8a74f3b6,0x8a74f3b6->TRUE
0xefffffff,0xefffffff->TRUE
0x41079c2c,0x41079c2c->TRUE
0xb67700cc,0xb67700cd->TRUE
0x00000000,0x00000000->TRUE
0xa6fed8ac,0xa6fed8ac->TRUE
0x678dad4d,0x678dad4d->TRUE
0xefffffff,0xefffffff->TRUE
0xefffffff,0xefffffff->TRUE
0xec409195,0xec409196->TRUE
0x96359917,0x96359918->TRUE
0xad33cbca,0xad33cbcb->TRUE
0x00000000,0x80004133->FALSE
0x12254837,0x12254837->TRUE
0xefffffff,0xefffffff->TRUE
0x38b16415,0x38b16415->TRUE
0x1404dbc6,0x1404dbc6->TRUE
0xb1c2920a,0xb1c2920c->TRUE
0x87fd48a3,0x87fd48a3->TRUE
0xe338d4a9,0xe338d4a9->TRUE
0x201e3341,0x201e3341->TRUE
0x56bf8ff4,0x56bf8ff5->TRUE
0x197fbe27,0x197fbe27->TRUE
0x4c21f0a3,0x4c21f0a3->TRUE
0x29dcb355,0x29dcb356->TRUE
0xaa00082b,0xaa00082c->TRUE
0x514db35b,0x514db35c->TRUE
0x1335c8f0,0x1335c8f1->TRUE
0xefffffff,0xefffffff->TRUE
0x490fb760,0x490fb761->TRUE
0x00000000,0x80000003->FALSE
0xca841c5d,0xca841c5d->TRUE
0x00000000,0x8013686e->FALSE
0xefffffff,0xefffffff->TRUE
0x7b6d1e5b,0x7b6d1e5c->TRUE
0x38483b7b,0x38483b7c->TRUE
0xb943dd5e,0xb943dd5f->TRUE
0x594356c2,0x594356c3->TRUE
0x55ac1e74,0x55ac1e75->TRUE
0x57cfa0b0,0x57cfa0b2->TRUE
0xcf6e6b9a,0xcf6e6b9a->TRUE
0xa8bd4318,0xa8bd4317->TRUE
0xbc13145e,0xbc13145f->TRUE
0xc1398487,0xc1398487->TRUE
0x481febd0,0x481febd1->TRUE
0x60ece476,0x60ece477->TRUE
0x5c795149,0x5c79514a->TRUE
0xe9794050,0xe979404f->FALSE
0xcac5b48d,0xcac5b48d->TRUE
0xd506d573,0xd506d574->TRUE
0xa4917faa,0xa4917fab->TRUE
0x42cf818a,0x42cf818a->TRUE
0xb8709f0e,0xb8709f0f->TRUE
0xed972067,0xed972068->TRUE
0xefffffff,0xefffffff->TRUE
0xefffffff,0xefffffff->TRUE
0x6766a69f,0x6766a6a0->FALSE
0xc40fd0f9,0xc40fd0f9->TRUE
0x1699800f,0x1699800f->TRUE
0x2103a03c,0x2103a03d->TRUE
0x4b85f87b,0x4b85f87c->TRUE
0x16bffa12,0x16bffa12->TRUE
0xd129347f,0xd129347f->TRUE
0x4af8aa63,0x4af8aa63->TRUE
0x956b112f,0x956b112f->TRUE
0x22f16b26,0x22f16b27->TRUE
0x2ffd8607,0x2ffd8608->TRUE
0x868d49b6,0x868d49b6->TRUE
0xefffffff,0xefffffff->TRUE
0xdda6f55a,0xdda6f55a->TRUE
0xefffffff,0xefffffff->TRUE
0xefffffff,0xefffffff->TRUE
0xefffffff,0xefffffff->TRUE
0xefffffff,0xefffffff->TRUE
0x845035e9,0x845035ea->TRUE
0xefffffff,0xefffffff->TRUE
0x00000000,0x00000000->TRUE
0x0ca7401b,0x0ca7401c->TRUE
0x58446c1f,0x58446c20->FALSE
0x00000000,0x00000000->TRUE
0xba26a949,0xba26a949->TRUE
0x417b49d4,0x417b49d4->TRUE
0x8e75a7ca,0x8e75a7cb->TRUE
0xe4caddca,0xe4caddca->TRUE
0xfc0c0757,0xfc0c0758->TRUE
0x2f10407c,0x2f10407c->TRUE
0x5c863f92,0x5c863f92->TRUE
0x980dcc51,0x980dcc51->TRUE
0xefffffff,0xefffffff->TRUE
0xabcb727b,0xabcb727c->TRUE
0x91929482,0x91929482->TRUE
0xc11870b5,0xc11870b5->TRUE
0x6b12ad26,0x6b12ad27->TRUE
0xac154af8,0xac154af9->TRUE
0xd06379be,0xd06379bf->TRUE
0x76f647eb,0x76f647eb->TRUE
0xefffffff,0xefffffff->TRUE
0xefffffff,0xefffffff->TRUE
0xefffffff,0xefffffff->TRUE
0x42a8b815,0x42a8b815->TRUE
0x7efa80e4,0x7efa80e5->TRUE
0xefffffff,0xefffffff->TRUE
0xf2954b0a,0xf2954b0a->TRUE
0xe3df6abe,0xe3df6abe->TRUE
0x47b340e5,0x47b340e6->TRUE
0x200541f8,0x200541f9->TRUE
0x00000000,0x8000001f->FALSE
0xe59312a1,0xe59312a1->TRUE
0xafbc5b16,0xafbc5b17->TRUE
0x4f54d990,0x4f54d992->TRUE
0x11d8e41e,0x11d8e41d->TRUE
0x714491e7,0x714491e7->TRUE
0x00000000,0x000e73d3->FALSE
0x3d5045ad,0x3d5045ae->TRUE
0x38afd7b4,0x38afd7b6->TRUE
0x00a0f636,0x00a0f636->TRUE
0xf3c31cda,0xf3c31cda->TRUE
0x30829385,0x30829385->TRUE
0x06a77d7a,0x06a77d7b->TRUE
0x00000000,0x80000001->FALSE
0x00000000,0x80000001->FALSE
0xbdf03084,0xbdf03085->TRUE
0xefffffff,0xefffffff->TRUE
0xfdfd7207,0xfdfd7208->TRUE
0x262af238,0x262af239->TRUE
0x9fa1a747,0x9fa1a748->TRUE
0x23ea9ef9,0x23ea9ef9->TRUE
0x68d0ae43,0x68d0ae43->TRUE
0xe4049ff7,0xe4049ff8->TRUE
0x54f1991b,0x54f1991b->TRUE
0x0699cfdb,0x0699cfdc->TRUE
0x7c9f093b,0x7c9f093b->TRUE
0xac7b6f5d,0xac7b6f5e->TRUE
0x00000000,0x00000000->TRUE
0x2a9c3d5d,0x2a9c3d5d->TRUE
0xa89bb273,0xa89bb274->TRUE
0xbc3e0c71,0xbc3e0c70->TRUE
0xc59f1832,0xc59f1832->TRUE
0x8400be90,0x8400be90->TRUE
0xad8278ea,0xad8278ea->TRUE
0xcf6b442e,0xcf6b442e->TRUE
0xdf05b30f,0xdf05b30f->TRUE
0xc49b523b,0xc49b523d->TRUE
0x00000000,0x80000000->FALSE
0x00000000,0x00000000->TRUE
0xefa54622,0xefa54622->TRUE
0x87d7788d,0x87d7788d->TRUE
0xdff8e059,0xdff8e05a->TRUE
0xbcdc04ec,0xbcdc04ed->TRUE
0xd312fb27,0xd312fb27->TRUE
0xc7115a61,0xc7115a62->TRUE
0xd414d8b9,0xd414d8b9->TRUE
0x9b79054f,0x9b790551->FALSE
0x5a43392a,0x5a43392a->TRUE
0x6c79115d,0x6c79115d->TRUE
0xeb4300a8,0xeb4300a8->TRUE
0xf2aa7520,0xf2aa7521->TRUE
0xf5b6d396,0xf5b6d396->TRUE
0x03f141a1,0x03f141a2->TRUE
0xefffffff,0xefffffff->TRUE
0x9659d5ba,0x9659d5bb->TRUE
0x3e208e90,0x3e208e90->TRUE
0xb7bf605c,0xb7bf605c->TRUE
0xefffffff,0xefffffff->TRUE
0xdb8e00a8,0xdb8e00a9->TRUE
0x9c4720ac,0x9c4720ac->TRUE
0xd959d231,0xd959d231->TRUE
0x6a544252,0x6a544252->TRUE
0xc12d7c0e,0xc12d7c0e->TRUE
0xb983f37e,0xb983f37f->TRUE
0x09021a61,0x09021a62->TRUE
0xefffffff,0xefffffff->TRUE
0x00000000,0x00000000->TRUE
0xebe60615,0xebe60616->TRUE
0xecf5bd8e,0xecf5bd8f->TRUE
0x52aa6b19,0x52aa6b1a->TRUE
0x7885b46d,0x7885b46e->TRUE
0xefffffff,0xefffffff->TRUE
0xff17ed73,0xff17ed73->TRUE
0x90d6dc5f,0x90d6dc5f->TRUE
0xce3f794e,0xce3f794f->TRUE
0x3504c30f,0x3504c310->FALSE
0xae2ca386,0xae2ca386->TRUE
0x20e16ebb,0x20e16ebb->TRUE
0x940882df,0x940882df->TRUE
0x8ef57198,0x8ef57198->TRUE
0xf507f8f6,0xf507f8f7->TRUE
0x55b23d7b,0x55b23d7c->TRUE
0xa2a78498,0xa2a78499->TRUE
0xae2bab76,0xae2bab76->TRUE
0x00000000,0x80000000->FALSE
0xf89385e2,0xf89385e2->TRUE
0x00000000,0x80000000->FALSE
0x141524fc,0x141524fd->TRUE
0xefffffff,0xefffffff->TRUE
0x11db883e,0x11db883f->TRUE
0xaab53821,0xaab53822->TRUE
0xc7b64542,0xc7b64543->TRUE
0xefffffff,0xefffffff->TRUE
0xefffffff,0xefffffff->TRUE
0x35dcacce,0x35dcaccf->TRUE
0xcacb8ce7,0xcacb8ce9->TRUE
0x1d440020,0x1d440021->TRUE
0xcd4ec166,0xcd4ec167->TRUE
0x3cb77f71,0x3cb77f72->TRUE
0xe55b03c9,0xe55b03cb->TRUE
0x5f00c594,0x5f00c594->TRUE
0xefffffff,0xefffffff->TRUE
0xc11e1733,0xc11e1735->TRUE
0x8838008b,0x8838008b->TRUE
0xc9dc28ad,0xc9dc28ae->TRUE
0x5089d54c,0x5089d54c->TRUE
0x90ae97ad,0x90ae97ad->TRUE
0x33e51d4e,0x33e51d4f->TRUE
0x9590557b,0x9590557b->TRUE
0xbfa56afe,0xbfa56afe->TRUE
0x00000000,0x00000000->TRUE
0xd1487df2,0xd1487df3->TRUE
0xc789a24b,0xc789a24b->TRUE
0x6cb95f01,0x6cb95f00->TRUE
0x24619296,0x24619298->TRUE
0xefffffff,0xefffffff->TRUE
0xdcf451ca,0xdcf451ca->TRUE
0xefffffff,0xefffffff->TRUE
0x837687ba,0x837687b9->TRUE
0x61620c64,0x61620c65->TRUE
0x66856d61,0x66856d62->TRUE
0x280eb2ba,0x280eb2bb->TRUE
0x2eba2369,0x2eba236a->TRUE
0x344c9e7d,0x344c9e7d->TRUE
0xf849790c,0xf849790c->TRUE
0x0f575134,0x0f575135->TRUE
0xe83fd515,0xe83fd516->TRUE
0xa88de7bd,0xa88de7bd->TRUE
0xef59eda4,0xef59eda5->TRUE
0x60ff2357,0x60ff2358->TRUE
0xd9aac58e,0xd9aac58f->TRUE
0x631c44d8,0x631c44d9->TRUE
0x3b1fbed3,0x3b1fbed3->TRUE
0xefffffff,0xefffffff->TRUE
0x00000000,0x001eb05e->FALSE
0xed3f4e15,0xed3f4e16->TRUE
0xd582604d,0xd582604e->TRUE
0x0e6ed5f6,0x0e6ed5f6->TRUE
0x3eaa1414,0x3eaa1415->TRUE
0x3b219082,0x3b219083->TRUE
0x74acbb03,0x74acbb04->TRUE
0x00000000,0x80000000->FALSE
0xa5f0e843,0xa5f0e845->TRUE
0xd933ec3f,0xd933ec3f->TRUE
0xdd87554a,0xdd87554b->TRUE
0xd2c600fa,0xd2c600fc->TRUE
0x00000000,0x8000111e->FALSE
0x0e5fab71,0x0e5fab71->TRUE
0x08303faa,0x08303faa->TRUE
0x5909957e,0x5909957e->TRUE
0x00000000,0x00010f58->FALSE
0x86861548,0x86861548->TRUE
0x320feb08,0x320feb08->TRUE
0xc82468ad,0xc82468ae->TRUE
0xe4463578,0xe4463579->TRUE
0x83ab33d6,0x83ab33d7->TRUE
0x33a3d0c1,0x33a3d0c2->TRUE
0xf900ea52,0xf900ea52->TRUE
0x208353b2,0x208353b2->TRUE
0x3e554f19,0x3e554f18->TRUE
0x55f27eba,0x55f27eba->TRUE
0x18ab2e60,0x18ab2e60->TRUE
0x00000000,0x80000000->FALSE
0x48b557d9,0x48b557d9->TRUE
0x00000000,0x00000000->TRUE
0x00000000,0x00000000->TRUE
0xefffffff,0xefffffff->TRUE
0x1584ade6,0x1584ade6->TRUE
0x2fda468e,0x2fda4690->FALSE
0x011989bf,0x011989bf->TRUE
0xf99eeaba,0xf99eeaba->TRUE
0x5eb5106e,0x5eb5106e->TRUE
0x00000000,0x00000000->TRUE
0xe28afe45,0xe28afe46->TRUE
0x40753183,0x40753183->TRUE
0x18ca5a09,0x18ca5a0a->TRUE
0xbfc1f8a3,0xbfc1f8a2->TRUE
0x65a6e34b,0x65a6e34c->TRUE
0x7604ce0a,0x7604ce0b->TRUE
0x90873a95,0x90873a96->TRUE
0x74a3acd7,0x74a3acd7->TRUE
0x90e4bb63,0x90e4bb62->TRUE
0xaef3081e,0xaef3081f->TRUE
0xd2aa8111,0xd2aa8112->TRUE
0x41176b00,0x41176b01->TRUE
0x0811ad95,0x0811ad96->TRUE
0xce8ecef9,0xce8ecefa->TRUE
0xb45ac61c,0xb45ac61d->TRUE
0xefffffff,0xefffffff->TRUE
0xdc18cf54,0xdc18cf54->TRUE
0x329a0272,0x329a0272->TRUE
0x728b5096,0x728b5097->TRUE
0x0e8cd165,0x0e8cd165->TRUE
0xefffffff,0xefffffff->TRUE
0xefffffff,0xefffffff->TRUE
0xed2a6681,0xed2a6681->TRUE
0x2d6cc17a,0x2d6cc17b->TRUE
0x55054c49,0x55054c4a->TRUE
0xee6d7a3a,0xee6d7a3c->TRUE
0x49d97f5f,0x49d97f60->FALSE
0x00000000,0x80000000->FALSE
0xb9c9390f,0xb9c9390f->TRUE
0x0d0f5f2f,0x0d0f5f30->FALSE
0x00000000,0x80000000->FALSE
0x88c44c23,0x88c44c24->TRUE
0x16d72f17,0x16d72f18->TRUE
0x14180156,0x14180156->TRUE
0x24d05c4e,0x24d05c4e->TRUE
0xb0df580e,0xb0df580e->TRUE
0x00000000,0x80000000->FALSE
0x4b0cb3e0,0x4b0cb3e0->TRUE
0xa09004d1,0xa09004d2->TRUE
0x889e55c0,0x889e55c1->TRUE
0x09899d60,0x09899d61->TRUE
0xfe636073,0xfe636073->TRUE
0xefffffff,0xefffffff->TRUE
0x233c16f1,0x233c16f1->TRUE
0x5c8ded7f,0x5c8ded7f->TRUE
0x1e38af53,0x1e38af53->TRUE
0x5dc69541,0x5dc69541->TRUE
0xc045d26b,0xc045d26b->TRUE
0x3ab3e59f,0x3ab3e59f->TRUE
0x2f362e79,0x2f362e79->TRUE
0x5424c241,0x5424c241->TRUE
0x37318fe9,0x37318fea->TRUE
0xefffffff,0xefffffff->TRUE
0xefffffff,0xefffffff->TRUE
0x5e9340c6,0x5e9340c6->TRUE
0x8fbb0dde,0x8fbb0ddf->TRUE
0x53bb2f6d,0x53bb2f6e->TRUE
0x85888fe7,0x85888fe7->TRUE
0xbd8eadea,0xbd8eadeb->TRUE
0x00000000,0x80000000->FALSE
0xc3461f80,0xc3461f81->TRUE
0x114f6193,0x114f6193->TRUE
0xefffffff,0xefffffff->TRUE
0x00000000,0x80000000->FALSE
0x0c0672a6,0x0c0672a7->TRUE
0xa6f080b1,0xa6f080b0->TRUE
0x00000000,0x800054d8->FALSE
0x5fb0d337,0x5fb0d337->TRUE
0x7cc4a446,0x7cc4a446->TRUE
0xf3247aea,0xf3247aea->TRUE
0x00000000,0x0000099f->FALSE
0x4e03f854,0x4e03f855->TRUE
0x82553bbf,0x82553bbe->TRUE
0xe4c22839,0xe4c22838->TRUE
0x00000000,0x00000000->TRUE
0xee76257e,0xee76257d->TRUE
0x30f783eb,0x30f783eb->TRUE
0x39ccbc89,0x39ccbc8a->TRUE
0x81cffc41,0x81cffc42->TRUE
0x85937a77,0x85937a78->TRUE
0xcc309a01,0xcc309a01->TRUE
0x8b3fd589,0x8b3fd58a->TRUE
0x1640ec1b,0x1640ec1b->TRUE
0xe02088f3,0xe02088f3->TRUE
0x43e87f8c,0x43e87f8d->TRUE
0x4604fa62,0x4604fa62->TRUE
0x878124a6,0x878124a7->TRUE
0x388baed9,0x388baed9->TRUE
0x4f91e0cc,0x4f91e0cc->TRUE
0xcb7f8cd4,0xcb7f8cd3->TRUE
0x22b00af8,0x22b00af8->TRUE
0x00000000,0x80000007->FALSE
0xc151acd5,0xc151acd6->TRUE
0x2cb1b03e,0x2cb1b03f->TRUE
0xefffffff,0xefffffff->TRUE
0xefffffff,0xefffffff->TRUE
0x314aba12,0x314aba11->TRUE
0x8b30e385,0x8b30e384->TRUE
0x161847c3,0x161847c3->TRUE
0x8600bf1d,0x8600bf1d->TRUE
0x2d9d8353,0x2d9d8354->TRUE
0x14936770,0x14936770->TRUE
0x00000000,0x0001cdf7->FALSE
0x77361912,0x77361913->TRUE
0x3b05172f,0x3b051730->FALSE
0xe1b7a188,0xe1b7a189->TRUE
0x48202b23,0x48202b24->TRUE
0xd2ddef14,0xd2ddef14->TRUE
0x2395707a,0x2395707b->TRUE
0x4582c0ed,0x4582c0ee->TRUE
0xefffffff,0xefffffff->TRUE
0x268176f5,0x268176f6->TRUE
0x9d019911,0x9d019912->TRUE
0x7af2142d,0x7af2142e->TRUE
0x38a81c30,0x38a81c31->TRUE
0x7e032f19,0x7e032f19->TRUE
0xcc8410c3,0xcc8410c3->TRUE
0x4615bce1,0x4615bce2->TRUE
0xfd119c91,0xfd119c92->TRUE
0x6f0676ba,0x6f0676ba->TRUE
0x31567c62,0x31567c63->TRUE
0xbb180c7b,0xbb180c7b->TRUE
0x68a27fc6,0x68a27fc5->TRUE
0x5823160e,0x5823160f->TRUE
0xd6a29485,0xd6a29486->TRUE
0x2085a60b,0x2085a60c->TRUE
0xd2090c29,0xd2090c29->TRUE
0x1347e80f,0x1347e80f->TRUE
0x2eca38c6,0x2eca38c5->TRUE
0x00000000,0x00074e26->FALSE
0xd78c9f27,0xd78c9f27->TRUE
0xabf03892,0xabf03892->TRUE
0x49671f07,0x49671f07->TRUE
0xc2d12f42,0xc2d12f42->TRUE
0x974b9970,0x974b9970->TRUE
0x0bb46b57,0x0bb46b58->TRUE
0x00000000,0x80123065->FALSE
0xefffffff,0xefffffff->TRUE
0x4833f361,0x4833f361->TRUE
0xc07fd744,0xc07fd745->TRUE
0x945a840f,0x945a8410->FALSE
0xa5bb43fc,0xa5bb43fc->TRUE
0xa7a02f60,0xa7a02f60->TRUE
0xefffffff,0xefffffff->TRUE
0xcad870e8,0xcad870e9->TRUE
0xefffffff,0xefffffff->TRUE
0xaea32340,0xaea32340->TRUE
0xefffffff,0xefffffff->TRUE
0xfa9a82b4,0xfa9a82b4->TRUE
0x24fa3d2b,0x24fa3d2b->TRUE
0x1e93fe93,0x1e93fe93->TRUE
0x1af4d62d,0x1af4d62d->TRUE
0x13f18678,0x13f18678->TRUE
0xb6ef4cf7,0xb6ef4cf7->TRUE
0xa34a2da2,0xa34a2da2->TRUE
0x59b26aa9,0x59b26aaa->TRUE
0x31576503,0x31576504->TRUE
0xd72fec61,0xd72fec61->TRUE
0x35fbf3ea,0x35fbf3ea->TRUE
0xefffffff,0xefffffff->TRUE
0x6085cfb1,0x6085cfb1->TRUE
0xc3290844,0xc3290845->TRUE
0xefffffff,0xefffffff->TRUE
0x0fbbac4c,0x0fbbac4c->TRUE
0x0c8eb722,0x0c8eb722->TRUE
0xff0d6eef,0xff0d6ef0->FALSE
0x110dc282,0x110dc282->TRUE
0x00000000,0x80000000->FALSE
0x49fbaaff,0x49fbab01->FALSE
0xc99e2865,0xc99e2866->TRUE
0x4fa5e087,0x4fa5e087->TRUE
0x029a6e7b,0x029a6e7c->TRUE
0x7a0da464,0x7a0da464->TRUE
0x85ef0793,0x85ef0793->TRUE
0xefffffff,0xefffffff->TRUE
0x452b9b77,0x452b9b77->TRUE
0x13c7acc4,0x13c7acc4->TRUE
0xef85f778,0xef85f778->TRUE
0x00000000,0x80000000->FALSE
0x83adf459,0x83adf45a->TRUE
0xefffffff,0xefffffff->TRUE
0x749dfadb,0x749dfadb->TRUE
0x00000000,0x80000000->FALSE
0xcc9a3423,0xcc9a3423->TRUE
0x3580e3df,0x3580e3e0->FALSE
0x00000000,0x00000000->TRUE
0x0b9711a5,0x0b9711a6->TRUE
0xe38cff4b,0xe38cff4b->TRUE
0xefffffff,0xefffffff->TRUE
0xc5cb1759,0xc5cb175a->TRUE
0x8200a7b2,0x8200a7b2->TRUE
0x9d65b511,0x9d65b511->TRUE
0xeec6019f,0xeec601a0->FALSE
0x7495c5c2,0x7495c5c2->TRUE
0x4c04499c,0x4c04499c->TRUE
0x6e545b5f,0x6e545b5f->TRUE
0x00000000,0x8000000e->FALSE
0xefffffff,0xefffffff->TRUE
0x47f706b2,0x47f706b3->TRUE
0xb7273bf9,0xb7273bfa->TRUE
0x2da9b3de,0x2da9b3de->TRUE
0xefffffff,0xefffffff->TRUE
0x164a269a,0x164a269b->TRUE
0x76842d08,0x76842d08->TRUE
0x00000000,0x80000000->FALSE
0xf4a9cbfe,0xf4a9cbfe->TRUE
0x4ed8be26,0x4ed8be27->TRUE
0x00000000,0x0000075b->FALSE
0xc0f3a522,0xc0f3a522->TRUE
0xf58a39a5,0xf58a39a5->TRUE
0x00000000,0x80002491->FALSE
0xefffffff,0xefffffff->TRUE
0xfc5d4526,0xfc5d4526->TRUE
0x00000000,0x80016907->FALSE
0xefffffff,0xefffffff->TRUE
0x6c916282,0x6c916282->TRUE
0x3e0a62ab,0x3e0a62ab->TRUE
0x1db76b39,0x1db76b39->TRUE
0x7675258e,0x7675258f->TRUE
0xa1a47fe9,0xa1a47fea->TRUE
0x2cae99b0,0x2cae99b1->TRUE
0x33830017,0x33830017->TRUE
0xa569b14f,0xa569b14f->TRUE
0x260d2918,0x260d2918->TRUE
0xefffffff,0xefffffff->TRUE
0x32a406e3,0x32a406e3->TRUE
0x62c63b28,0x62c63b29->TRUE
0xddf347e4,0xddf347e5->TRUE
0x3785cd1c,0x3785cd1d->TRUE
0x0d8a79f9,0x0d8a79fa->TRUE
0x822c9cfd,0x822c9cfe->TRUE
0x4037a929,0x4037a929->TRUE
0x071930ab,0x071930ad->TRUE
0x0aa6d885,0x0aa6d885->TRUE
0xaa718a62,0xaa718a63->TRUE
0xefffffff,0xefffffff->TRUE
0x71ed4dd2,0x71ed4dd3->TRUE
0x9a992359,0x9a99235a->TRUE
0xfedfd9b3,0xfedfd9b3->TRUE
0x00000000,0x00000000->TRUE
0xefffffff,0xefffffff->TRUE
0xc73b3dcd,0xc73b3dcc->TRUE
0x36427e3d,0x36427e3d->TRUE
0x7c42b1ec,0x7c42b1ed->TRUE
0xefffffff,0xefffffff->TRUE
0xefffffff,0xefffffff->TRUE
0xc5f96af1,0xc5f96af1->TRUE
0x390c40e1,0x390c40e1->TRUE
0x446d504b,0x446d504b->TRUE
0x92866c1d,0x92866c1d->TRUE
0x4a0b76ff,0x4a0b7700->FALSE
0x9a0c7123,0x9a0c7123->TRUE
0xb338b741,0xb338b741->TRUE
0xd15c72b4,0xd15c72b4->TRUE
0xde8d921b,0xde8d921b->TRUE
0xefffffff,0xefffffff->TRUE
0xb2860df6,0xb2860df7->TRUE
0x00000000,0x00000000->TRUE
0x53561793,0x53561793->TRUE
0x5493a71a,0x5493a71a->TRUE
0xefffffff,0xefffffff->TRUE
0xefffffff,0xefffffff->TRUE
0x419a0d9e,0x419a0d9f->TRUE
0x8a19abd0,0x8a19abd1->TRUE
0x436804b1,0x436804b3->TRUE
0x00000000,0x00000006->TRUE
0x30cb88e9,0x30cb88ea->TRUE
0xefffffff,0xefffffff->TRUE
0xaca38a3a,0xaca38a3a->TRUE
0xb051205c,0xb051205d->TRUE
0x00000000,0x80000000->FALSE
0xab711db9,0xab711db8->TRUE
0xf728b030,0xf728b031->TRUE
0x00000000,0x80000000->FALSE
0xce26a222,0xce26a223->TRUE
0xdf82ed9d,0xdf82ed9d->TRUE
0x3217f4cf,0x3217f4cf->TRUE
0x2aac783a,0x2aac783b->TRUE
0xefffffff,0xefffffff->TRUE
0xefffffff,0xefffffff->TRUE
0x54edd3f6,0x54edd3f8->TRUE
0x7f5624fe,0x7f5624ff->TRUE
0xc284e333,0xc284e333->TRUE
0xc5895e87,0xc5895e88->TRUE
0xbfc33181,0xbfc33181->TRUE
0x00000000,0x80009750->FALSE
0xefffffff,0xefffffff->TRUE
0xadd87607,0xadd87608->TRUE
0xe814e282,0xe814e283->TRUE
0x081d839f,0x081d839f->TRUE
0x00000000,0x00000000->TRUE
0xa28f6ef8,0xa28f6ef8->TRUE
0x3b97c4ad,0x3b97c4ad->TRUE
0xefffffff,0xefffffff->TRUE
0x84c6f1bf,0x84c6f1bf->TRUE
0x11526147,0x11526148->TRUE
0xefffffff,0xefffffff->TRUE
0xe6c2623e,0xe6c2623f->TRUE
0x581b80c8,0x581b80c9->TRUE
0x6a18892f,0x6a188930->FALSE
0xefffffff,0xefffffff->TRUE
0x5e9c6793,0x5e9c6794->TRUE
0x266a69e4,0x266a69e4->TRUE
0xa8b59260,0xa8b59260->TRUE
0x4a9d6b2f,0x4a9d6b30->FALSE
0x93c52182,0x93c52183->TRUE
0xd38ee786,0xd38ee786->TRUE
0xa8fb8a4c,0xa8fb8a4c->TRUE
0x63390045,0x63390045->TRUE
0x095bccb3,0x095bccb4->TRUE
0x875f4afc,0x875f4afd->TRUE
0x31bd4866,0x31bd4866->TRUE
0xa579759f,0xa579759f->TRUE
0x00000000,0x80000086->FALSE
0x56004396,0x56004397->TRUE
0xc5d95678,0xc5d95679->TRUE
0xd9934b0a,0xd9934b0a->TRUE
0xeabe8461,0xeabe8462->TRUE
0x9d85ff2d,0x9d85ff2d->TRUE
0xa887b873,0xa887b874->TRUE
0x428e6d06,0x428e6d07->TRUE
0x3fc1a80d,0x3fc1a80d->TRUE
0x14e6f54f,0x14e6f54f->TRUE
0xf5640f2d,0xf5640f2e->TRUE
0xb08a58c1,0xb08a58c2->TRUE
0x4ac43f72,0x4ac43f73->TRUE
0xca33e1eb,0xca33e1eb->TRUE
0x23506219,0x2350621a->TRUE
0xefffffff,0xefffffff->TRUE
0xc30fcae9,0xc30fcae9->TRUE
0x00000000,0x80005837->FALSE
0xce1f7b13,0xce1f7b15->TRUE
0x44422cf9,0x44422cfa->TRUE
0x00000000,0x00000000->TRUE
0x93b5a101,0x93b5a101->TRUE
0xefffffff,0xefffffff->TRUE
0x00000000,0x00446233->FALSE
0xc3662c63,0xc3662c64->TRUE
0x3262954f,0x32629550->FALSE
0xefffffff,0xefffffff->TRUE
0x25eac89e,0x25eac89e->TRUE
0x45c5a753,0x45c5a754->TRUE
0xefffffff,0xefffffff->TRUE
0x33af8b5f,0x33af8b5f->TRUE
0x1ae7425e,0x1ae74260->FALSE
0x9b05839a,0x9b05839b->TRUE
0x8aad8e56,0x8aad8e57->TRUE
0xdf93c0d2,0xdf93c0d3->TRUE
0x2ba19a81,0x2ba19a81->TRUE
0x3d1157ce,0x3d1157ce->TRUE
0xbf4b8b3a,0xbf4b8b3a->TRUE
0xf9f540b6,0xf9f540b5->TRUE
0xf23bda9e,0xf23bda9e->TRUE
0xefffffff,0xefffffff->TRUE
0xeeb0f8a1,0xeeb0f8a1->TRUE
0x2d35b0d7,0x2d35b0d8->TRUE
0xdd0aa31b,0xdd0aa31b->TRUE
0xc7e9a3fc,0xc7e9a3fd->TRUE
0x00000000,0x80000000->FALSE
0x9288527d,0x9288527d->TRUE
0x00000000,0x00001339->FALSE
0x19fe8c36,0x19fe8c36->TRUE
0xefffffff,0xefffffff->TRUE
0x4b4b7105,0x4b4b7105->TRUE
0xb59eacc9,0xb59eacca->TRUE
0x08e36160,0x08e36161->TRUE
0x00000000,0x0000179e->FALSE
0x3fb42216,0x3fb42217->TRUE
0xf66d7343,0xf66d7343->TRUE
0x36076415,0x36076416->TRUE
0x50fffb7f,0x50fffb80->FALSE
0x47d58e6d,0x47d58e6e->TRUE
0x83f051eb,0x83f051ec->TRUE
0x00000000,0x80000000->FALSE
0x4d11f067,0x4d11f067->TRUE
0x80f742b8,0x80f742b8->TRUE
0x2a9be5ee,0x2a9be5ef->TRUE
0x879dfc14,0x879dfc14->TRUE
0x8d1a761a,0x8d1a761a->TRUE
0x4ea7a934,0x4ea7a935->TRUE
0xc3cd6629,0xc3cd662a->TRUE
0x2dfe68e2,0x2dfe68e3->TRUE
0x5809b32f,0x5809b32f->TRUE
0xf6bc5d44,0xf6bc5d45->TRUE
0xc7aaee4e,0xc7aaee4e->TRUE
0xfcf59e1a,0xfcf59e1a->TRUE
0xab303097,0xab303098->TRUE
0xd8dcfe31,0xd8dcfe31->TRUE
0x00000000,0x00000000->TRUE
0x4495025f,0x4495025f->TRUE
0xe6848491,0xe6848491->TRUE
0x8d5b5ba2,0x8d5b5ba3->TRUE
0x05af454b,0x05af454b->TRUE
0x19715e31,0x19715e32->TRUE
0x659a199c,0x659a199c->TRUE
0x2d73e630,0x2d73e631->TRUE
0xce7beef2,0xce7beef2->TRUE
0x00000000,0x80000000->FALSE
0xf6668fb9,0xf6668fb9->TRUE
0xefffffff,0xefffffff->TRUE
0xfa713355,0xfa713356->TRUE
0x84a6bad3,0x84a6bad4->TRUE
0x8d9627c5,0x8d9627c5->TRUE
0x8fd96bb6,0x8fd96bb7->TRUE
0x57e946bb,0x57e946bb->TRUE
0x1e9299e4,0x1e9299e5->TRUE
0xefffffff,0xefffffff->TRUE
0x3641f479,0x3641f47a->TRUE
0xbcc4dba4,0xbcc4dba5->TRUE
0x00000000,0x80051adf->FALSE
0xa32cd8f5,0xa32cd8f5->TRUE
0xb8b553af,0xb8b553b0->FALSE
0x2b973d27,0x2b973d27->TRUE
0x00000000,0x00006c52->FALSE
0x00000000,0x0000000c->TRUE
0x6e4531af,0x6e4531b0->FALSE
0x2704b419,0x2704b41a->TRUE
0x11f316ec,0x11f316ec->TRUE
0xceca84e9,0xceca84ea->TRUE
0x6a86cbd1,0x6a86cbd2->TRUE
0x00000000,0x00000000->TRUE
0x3609a9d3,0x3609a9d3->TRUE
0x00000000,0x00000005->TRUE
0x24c19b59,0x24c19b5a->TRUE
0x8d8c56c2,0x8d8c56c2->TRUE
0xefffffff,0xefffffff->TRUE
0x2f856357,0x2f856358->TRUE
0xefffffff,0xefffffff->TRUE
0x4c173af1,0x4c173af1->TRUE
0xbbbd6cf7,0xbbbd6cf8->TRUE
0x00b5d9a1,0x00b5d9a1->TRUE
0xd42ff758,0xd42ff759->TRUE
0xeb8b4552,0xeb8b4553->TRUE
0xefffffff,0xefffffff->TRUE
0x9a016a64,0x9a016a65->TRUE
0x9c9b7055,0x9c9b7056->TRUE
0xd6d36a34,0xd6d36a35->TRUE
0x00000000,0x80000000->FALSE
0xefffffff,0xefffffff->TRUE
0x17930710,0x17930710->TRUE
0x0ffce9e8,0x0ffce9e8->TRUE
0xa0eb3603,0xa0eb3605->TRUE
0x7a86ec7e,0x7a86ec7e->TRUE
0xdcbf73f4,0xdcbf73f5->TRUE
0x3c12828a,0x3c12828b->TRUE
0xd667dbe9,0xd667dbe9->TRUE
0x00000000,0x00000000->TRUE
0xefffffff,0xefffffff->TRUE
0x460bc678,0x460bc679->TRUE
0xfed4861c,0xfed4861d->TRUE
0xefffffff,0xefffffff->TRUE
0x87d43f22,0x87d43f23->TRUE
0x83acaf21,0x83acaf21->TRUE
0xfce29a84,0xfce29a85->TRUE
0x565bf8fc,0x565bf8fc->TRUE
0x2df3ce5a,0x2df3ce5b->TRUE
0xc7fa965c,0xc7fa965d->TRUE
0xa9a7abe7,0xa9a7abe8->TRUE
0x9dc614bb,0x9dc614bb->TRUE
0x00000000,0x80000000->FALSE
0x89f3d4ad,0x89f3d4ae->TRUE
0xc730fbe3,0xc730fbe3->TRUE
0x5136d1a7,0x5136d1a7->TRUE
0x3f008d21,0x3f008d22->TRUE
0xefffffff,0xefffffff->TRUE
0xf18c632d,0xf18c632e->TRUE
0xbd11843e,0xbd11843e->TRUE
0x732a4345,0x732a4346->TRUE
0xd7887736,0xd7887736->TRUE
0x00000000,0x00000000->TRUE
0xbc199bac,0xbc199bad->TRUE
0xb3f6ce84,0xb3f6ce85->TRUE
0x00000000,0x80000000->FALSE
0x258b804b,0x258b804b->TRUE
0xeb47d641,0xeb47d642->TRUE
0x8f68922a,0x8f68922b->TRUE
0x58684b8b,0x58684b8b->TRUE
0xc977880d,0xc977880c->TRUE
0xce9e8369,0xce9e836a->TRUE
0x917ef9cc,0x917ef9cd->TRUE
0x00000000,0x80000000->FALSE
0x42016257,0x42016257->TRUE
0xcf533403,0xcf533403->TRUE
0x58a4644c,0x58a4644d->TRUE
0xa704e3aa,0xa704e3aa->TRUE
0x6ab02bda,0x6ab02bda->TRUE
0x9a87dc95,0x9a87dc95->TRUE
0xa56f7fc8,0xa56f7fc9->TRUE
0xd2249d87,0xd2249d87->TRUE
0x75ea39a7,0x75ea39a8->TRUE
0xefffffff,0xefffffff->TRUE
0xfd9680e2,0xfd9680e3->TRUE
0x00000000,0x80000000->FALSE
0xa43538c2,0xa43538c2->TRUE
0x399f1ff3,0x399f1ff2->TRUE
0x2f0dc207,0x2f0dc207->TRUE
0xcb251e75,0xcb251e76->TRUE
0xf686ee7a,0xf686ee7a->TRUE
0x3e707a90,0x3e707a91->TRUE
0x918b2fad,0x918b2fae->TRUE
0xefffffff,0xefffffff->TRUE
0x8cb3ede9,0x8cb3edea->TRUE
0xc236bf52,0xc236bf52->TRUE
0x34719896,0x34719897->TRUE
0x00000000,0x80000000->FALSE
0x4ef52c4e,0x4ef52c50->FALSE
0x54f98f8a,0x54f98f8a->TRUE
0x747ef330,0x747ef330->TRUE
0x00000000,0x00000000->TRUE
0x7f114a55,0x7f114a55->TRUE
0x0584293e,0x0584293f->TRUE
0xc98c7773,0xc98c7773->TRUE
0x00000000,0x80000036->FALSE
0x95006505,0x95006506->TRUE
0x0eb75ff8,0x0eb75ff9->TRUE
0x0cc177fb,0x0cc177fc->TRUE
0x3f3fe988,0x3f3fe98a->TRUE
0x7bb0a49d,0x7bb0a49e->TRUE
0xab7db5b0,0xab7db5b1->TRUE
0x4eb002ac,0x4eb002ac->TRUE
0xd997615e,0xd9976160->FALSE
0x88dce328,0x88dce329->TRUE
0xdcbc90d9,0xdcbc90d9->TRUE
0xd68af19e,0xd68af19f->TRUE
0xdd18295e,0xdd18295f->TRUE
0x502ca10f,0x502ca10f->TRUE
0xf24958ea,0xf24958eb->TRUE
0x193ccaf6,0x193ccaf6->TRUE
0xbc4e7a19,0xbc4e7a19->TRUE
0xd8e33a3c,0xd8e33a3d->TRUE
0x403f5d33,0x403f5d33->TRUE
0x00000000,0x0000027b->FALSE
